Filial;Data Pedido;Loja Sap;Sigla;Nº documento;Pacote;Onda;SeqLiberacao;Volume;Visitas;Perfil;QtdRuptura;%Ruptura;N° Novo Pacote;Data Liberação;Hora Liberação;Liberado por:;Pendência;Status;Data Finalização;Lead Time;Obs:
1922;08/05/2025;1034;CS;310000176108;33273;1;11;463;256;1,8;;;33273;11/05/2025;21:30:00;Cauê;0;100%;13/05/2025;2;
1922;08/05/2025;1034;CS;310000176134;33273;1;11;15;1;15,0;;;33273;11/05/2025;21:30:00;Cauê;0;100%;13/05/2025;2;
1922;09/05/2025;1034;CS;310000176432;33273;1;11;539;101;5,3;;;33273;11/05/2025;21:30:00;Cauê;0;100%;13/05/2025;2;
1922;09/05/2025;1034;CS;310000176432;33273;2;11;536;85;6,3;;;33273;11/05/2025;21:30:00;Cauê;0;100%;13/05/2025;2;
1922;09/05/2025;1034;CS;310000176670;33575;2;11;163;6;27,2;;;33273;11/05/2025;21:30:00;Cauê;0;100%;13/05/2025;2;
1922;09/05/2025;1034;CS;310000176796;33575;2;11;35;2;17,5;;;33273;11/05/2025;21:30:00;Cauê;0;100%;13/05/2025;2;
1922;09/05/2025;1034;CS;310000176852;33575;2;11;28;1;28,0;;;33273;11/05/2025;21:30:00;Cauê;0;100%;13/05/2025;2;
1922;09/05/2025;1034;CS;310000176986;33575;2;11;45;2;22,5;;;33273;11/05/2025;21:30:00;Cauê;0;100%;13/05/2025;2;
1922;09/05/2025;1034;CS;310000177003;33575;2;11;121;9;13,4;;;33273;11/05/2025;21:30:00;Cauê;0;100%;13/05/2025;2;
1922;09/05/2025;1034;CS;310000177006;33575;2;11;216;18;12,0;;;33273;11/05/2025;21:30:00;Cauê;0;100%;13/05/2025;2;
1922;09/05/2025;1019;OA;310000176666;33573;1;34;146;4;36,5;;;33573;11/05/2025;21:30:00;Cauê;0;100%;13/05/2025;2;
1922;09/05/2025;1019;OA;310000176759;33573;1;34;212;11;19,3;;;33573;11/05/2025;21:30:00;Cauê;0;100%;13/05/2025;2;
1922;09/05/2025;1019;OA;310000176764;33573;1;34;146;18;8,1;;;33573;11/05/2025;21:30:00;Cauê;0;100%;13/05/2025;2;
1922;09/05/2025;1019;OA;310000177029;33573;1;34;40;2;20,0;;;33573;11/05/2025;21:30:00;Cauê;0;100%;13/05/2025;2;
1922;09/05/2025;1019;OA;310000177039;33573;1;34;25;1;25,0;;;33573;11/05/2025;21:30:00;Cauê;0;100%;13/05/2025;2;
1922;01/05/2025;1003;JN;310000173501;33428;1;7;1;1;1,0;;;33428;12/05/2025;16:24:00;Yhago;0;100%;14/05/2025;3;
1922;01/05/2025;1009;RP;310000173702;32326;1;2;489;172;2,8;;;32326;12/05/2025;16:24:00;Yhago;0;100%;14/05/2025;3;
1922;01/05/2025;1011;CP;310000173603;33368;1;4;2;2;1,0;;;33368;12/05/2025;16:24:00;Yhago;0;100%;14/05/2025;3;
1922;01/05/2025;1013;CJ;310000173502;32339;1;5;388;163;2,4;;;32339;12/05/2025;16:24:00;Yhago;0;100%;14/05/2025;3;
1922;02/05/2025;1003;JN;310000173675;32176;1;7;157;8;19,6;;;32176;12/05/2025;16:24:00;Yhago;0;100%;14/05/2025;3;
1922;02/05/2025;1003;JN;310000173706;32176;1;7;440;139;3,2;;;32176;12/05/2025;16:24:00;Yhago;0;100%;14/05/2025;3;
1922;02/05/2025;1003;JN;310000173706;32547;1;7;89;29;3,1;;;32547;12/05/2025;16:24:00;Yhago;0;100%;14/05/2025;3;
1922;02/05/2025;1007;ID;310000173676;32164;1;3;97;5;19,4;;;32164;12/05/2025;16:24:00;Yhago;0;100%;14/05/2025;3;
1922;02/05/2025;1007;ID;310000173707;32164;1;3;559;186;3,0;;;32164;12/05/2025;16:24:00;Yhago;0;100%;14/05/2025;3;
1922;02/05/2025;1009;RP;310000173580;32166;1;2;37;6;6,2;;;32166;12/05/2025;16:24:00;Yhago;0;100%;14/05/2025;3;
1922;02/05/2025;1009;RP;310000173610;32166;1;2;572;178;3,2;;;32166;12/05/2025;16:24:00;Yhago;0;100%;14/05/2025;3;
1922;02/05/2025;1011;CP;310000173510;32375;1;4;536;176;3,0;;;32375;12/05/2025;16:24:00;Yhago;0;100%;14/05/2025;3;
1922;02/05/2025;1011;CP;310000173582;32375;1;4;130;6;21,7;;;32375;12/05/2025;16:24:00;Yhago;0;100%;14/05/2025;3;
1922;02/05/2025;1011;CP;310000174112;32375;1;4;10;1;10,0;;;32375;12/05/2025;16:24:00;Yhago;0;100%;14/05/2025;3;
1922;02/05/2025;1011;CP;310000173825;32375;1;4;1;1;1,0;;;32375;12/05/2025;16:24:00;Yhago;0;100%;14/05/2025;3;
1922;02/05/2025;1013;CJ;310000173611;32168;1;5;463;165;2,8;;;32168;12/05/2025;16:24:00;Yhago;0;100%;14/05/2025;3;
1922;02/05/2025;1013;CJ;310000173774;32168;1;5;112;7;16,0;;;32168;12/05/2025;16:24:00;Yhago;0;100%;14/05/2025;3;
1922;02/05/2025;1013;CJ;310000173627;32168;1;5;1;1;0,0;;;32168;12/05/2025;16:24:00;Yhago;0;100%;14/05/2025;3;
1922;02/05/2025;1014;BM;310000173511;32376;1;8;415;149;2,8;;;32376;12/05/2025;16:24:00;Yhago;0;100%;14/05/2025;3;
1922;02/05/2025;1014;BM;310000173583;32376;1;8;70;6;11,7;;;32376;12/05/2025;16:24:00;Yhago;0;100%;14/05/2025;3;
1922;02/05/2025;1014;BM;310000174015;32376;1;8;15;1;15,0;;;32376;12/05/2025;16:24:00;Yhago;0;100%;14/05/2025;3;
1922;02/05/2025;1020;CF;310000173513;32380;1;9;580;209;2,8;;;32380;12/05/2025;16:24:00;Yhago;0;100%;14/05/2025;3;
1922;02/05/2025;1020;CF;310000173678;32380;1;9;67;4;16,8;;;32380;12/05/2025;16:24:00;Yhago;0;100%;14/05/2025;3;
1922;02/05/2025;1030;UT;310000173517;32382;1;6;464;132;3,5;;;32382;12/05/2025;16:24:00;Yhago;0;100%;14/05/2025;3;
1922;02/05/2025;1030;UT;310000173884;32382;1;6;59;5;11,8;;;32382;12/05/2025;16:24:00;Yhago;0;100%;14/05/2025;3;
1922;02/05/2025;1030;UT;310000174208;32382;1;6;5;1;5,0;;;32382;12/05/2025;16:24:00;Yhago;0;100%;14/05/2025;3;
1922;05/05/2025;1003;JN;310000174242;32548;1;7;299;98;3,1;;;32548;12/05/2025;16:24:00;Yhago;0;100%;14/05/2025;3;
1922;05/05/2025;1003;JN;310000174242;33428;1;7;2;2;1,0;;;33428;12/05/2025;16:24:00;Yhago;0;100%;14/05/2025;3;
1922;05/05/2025;1003;JN;310000174242;32547;1;7;64;21;3,0;;;32547;12/05/2025;16:24:00;Yhago;0;100%;14/05/2025;3;
1922;05/05/2025;1007;ID;310000174133;32525;1;3;438;129;3,4;;;32525;12/05/2025;16:24:00;Yhago;0;100%;14/05/2025;3;
1922;05/05/2025;1007;ID;310000174133;33442;1;3;1;1;1,0;;;33442;12/05/2025;16:24:00;Yhago;0;100%;14/05/2025;3;
1922;05/05/2025;1011;CP;310000174135;32552;1;4;420;135;3,1;;;32552;12/05/2025;16:24:00;Yhago;0;100%;14/05/2025;3;
1922;05/05/2025;1011;CP;310000174135;33368;1;4;1;1;1,0;;;33368;12/05/2025;16:24:00;Yhago;0;100%;14/05/2025;3;
1922;05/05/2025;1013;CJ;310000173966;32449;1;5;124;40;3,1;;;32449;12/05/2025;16:24:00;Yhago;0;100%;14/05/2025;3;
1922;05/05/2025;1014;BM;310000174243;32377;1;8;593;171;3,5;;;32377;12/05/2025;16:24:00;Yhago;0;100%;14/05/2025;3;
1922;05/05/2025;1030;UT;310000174059;32555;1;6;388;138;2,8;;;32555;12/05/2025;16:24:00;Yhago;0;100%;14/05/2025;3;
1922;07/05/2025;1030;UT;310000175260;32917;1;6;184;56;3,3;;;32917;12/05/2025;16:24:00;Yhago;0;100%;14/05/2025;3;
1922;01/05/2025;1023;AG;310000173801;33459;1;14;1;1;1,0;;;33459;13/05/2025;05:30:00;Yhago;0;100%;15/05/2025;3;
1922;02/05/2025;1002;PN;310000173805;32186;1;12;387;175;2,2;;;32186;13/05/2025;05:30:00;Yhago;0;100%;15/05/2025;3;
1922;02/05/2025;1002;PN;310000173879;32186;1;12;165;8;20,6;;;32186;13/05/2025;05:30:00;Yhago;0;100%;15/05/2025;3;
1922;02/05/2025;1002;PN;310000174205;32186;1;12;5;1;5,0;;;32186;13/05/2025;05:30:00;Yhago;0;100%;15/05/2025;3;
1922;02/05/2025;1023;AG;310000173514;32179;1;14;269;126;2,1;;;32179;13/05/2025;05:30:00;Yhago;0;100%;15/05/2025;3;
1922;02/05/2025;1023;AG;310000173882;32179;1;14;48;5;9,6;;;32179;13/05/2025;05:30:00;Yhago;0;100%;15/05/2025;3;
1922;02/05/2025;1025;VN;310000173679;32189;1;13;66;7;9,4;;;32189;13/05/2025;05:30:00;Yhago;0;100%;15/05/2025;3;
1922;02/05/2025;1025;VN;310000173709;32189;1;13;408;147;2,8;;;32189;13/05/2025;05:30:00;Yhago;0;100%;15/05/2025;3;
1922;05/05/2025;1002;PN;310000173965;32464;1;12;451;184;2,5;;;32464;13/05/2025;05:30:00;Yhago;0;100%;15/05/2025;3;
1922;05/05/2025;1025;VN;310000173969;32469;1;13;370;155;2,4;;;32469;13/05/2025;05:30:00;Yhago;0;100%;15/05/2025;3;
1922;05/05/2025;1025;VN;310000173969;33451;1;13;1;1;1,0;;;33451;13/05/2025;05:30:00;Yhago;0;100%;15/05/2025;3;
1922;06/05/2025;1023;AG;310000174708;32998;1;14;2;1;2,0;;;32998;13/05/2025;05:30:00;Yhago;0;100%;15/05/2025;3;
1922;07/05/2025;1002;PN;310000175439;33435;1;12;5;2;2,5;;;33435;13/05/2025;05:30:00;Yhago;0;100%;15/05/2025;3;
1922;07/05/2025;1025;VN;310000175259;32872;1;13;253;113;2,2;;;32872;13/05/2025;05:30:00;Yhago;0;100%;15/05/2025;3;
1922;08/05/2025;1002;PN;310000176047;32464;1;12;12;2;6,0;;;32464;13/05/2025;05:30:00;Yhago;0;100%;15/05/2025;3;
1922;08/05/2025;1002;PN;310000175697;32464;1;12;1;1;1,0;;;32464;13/05/2025;05:30:00;Yhago;0;100%;15/05/2025;3;
1922;08/05/2025;1023;AG;310000176005;33264;1;14;655;262;2,5;;;33264;13/05/2025;05:30:00;Yhago;0;100%;15/05/2025;3;
1922;08/05/2025;1023;AG;310000176005;33459;1;14;30;10;3,0;;;33459;13/05/2025;05:30:00;Yhago;0;100%;15/05/2025;3;
1922;08/05/2025;1023;AG;310000176210;32998;1;14;5;1;5,0;;;32998;13/05/2025;05:30:00;Yhago;0;100%;15/05/2025;3;
1922;09/05/2025;1002;PN;310000176194;33373;1;12;70;19;3,7;;;33373;13/05/2025;05:30:00;Yhago;0;100%;15/05/2025;3;
1922;09/05/2025;1002;PN;310000176194;33435;1;12;3;1;3,0;;;33435;13/05/2025;05:30:00;Yhago;0;100%;15/05/2025;3;
1922;09/05/2025;1023;AG;310000176324;32998;1;14;89;41;2,2;;;32998;13/05/2025;05:30:00;Yhago;0;100%;15/05/2025;3;
1922;12/05/2025;1019;OA;310000177426;33847;1;26;50;1;50,0;;;31/ago;14/05/2025;16:30:00;Yhago;0;100%;16/05/2025;3;
1922;12/05/2025;1019;OA;310000177608;33860;1;26;2;1;2,0;;;31/ago;14/05/2025;16:30:00;Yhago;0;100%;16/05/2025;3;
1922;12/05/2025;1019;OA;310000177654;33860;1;26;71;8;8,9;;;33847;14/05/2025;16:30:00;Yhago;0;100%;16/05/2025;3;
1922;12/05/2025;1019;OA;310000177687;33860;1;26;24;1;24,0;;;31/ago;14/05/2025;16:30:00;Yhago;0;100%;16/05/2025;3;
1922;13/05/2025;1019;OA;310000177978;33860;1;26;792;262;3,0;;;31/ago;14/05/2025;16:30:00;Yhago;0;100%;16/05/2025;3;
1922;13/05/2025;1019;OA;310000178662;33917;1;26;13;2;6,5;;;31/ago;14/05/2025;16:30:00;Yhago;0;100%;16/05/2025;3;
1922;13/05/2025;1019;OA;310000178808;33917;1;26;72;4;18,0;;;33847;14/05/2025;16:30:00;Yhago;0;100%;16/05/2025;3;
1922;14/05/2025;1019;OA;310000179114;33917;1;26;39;4;9,8;;;33847;14/05/2025;16:30:00;Yhago;0;100%;16/05/2025;3;
1922;14/05/2025;1019;OA;310000179191;34250;1;26;23;4;5,8;;;31/ago;14/05/2025;16:30:00;Yhago;0;100%;16/05/2025;3;
1922;12/05/2025;1034;CS;310000177182;33857;1;30;149;1;149,0;;;33857;14/05/2025;16:30:00;Yhago;0;100%;16/05/2025;3;
1922;12/05/2025;1034;CS;310000177456;33873;1;30;5;1;5,0;;;33857;14/05/2025;16:30:00;Yhago;0;100%;16/05/2025;3;
1922;12/05/2025;1034;CS;310000177487;33873;1;30;59;17;3,5;;;33857;14/05/2025;16:30:00;Yhago;0;100%;16/05/2025;3;
1922;12/05/2025;1034;CS;310000177786;33873;1;30;54;4;13,5;;;33857;14/05/2025;16:30:00;Yhago;0;100%;16/05/2025;3;
1922;12/05/2025;1034;CS;310000178043;33873;1;30;20;1;20,0;;;33857;14/05/2025;16:30:00;Yhago;0;100%;16/05/2025;3;
1922;13/05/2025;1034;CS;310000177983;33873;1;30;389;213;1,8;;;33857;14/05/2025;16:30:00;Yhago;0;100%;16/05/2025;3;
1922;13/05/2025;1034;CS;310000178737;34091;1;30;65;4;16,3;;;33857;14/05/2025;16:30:00;Yhago;0;100%;16/05/2025;3;
1922;13/05/2025;1034;CS;310000178828;34091;1;30;10;1;10,0;;;33857;14/05/2025;16:30:00;Yhago;0;100%;16/05/2025;3;
1922;13/05/2025;1034;CS;310000178907;34091;1;30;100;1;100,0;;;33857;14/05/2025;16:30:00;Yhago;0;100%;16/05/2025;3;
1922;14/05/2025;1034;CS;310000178896;34091;1;30;57;6;9,5;;;33857;14/05/2025;16:30:00;Yhago;0;100%;16/05/2025;3;
1922;14/05/2025;1034;CS;310000179193;34269;1;30;32;4;8,0;;;33857;14/05/2025;16:30:00;Yhago;0;100%;16/05/2025;3;
1922;08/05/2025;1007;ID;310000176207;33179;1;2;19;2;9,5;;;33179;14/05/2025;16:30:00;Yhago;0;100%;16/05/2025;3;
1922;09/05/2025;1007;ID;310000176195;33468;1;2;605;174;3,5;;;33468;14/05/2025;16:30:00;Yhago;0;100%;16/05/2025;3;
1922;09/05/2025;1007;ID;310000176790;33468;1;2;4;1;4,0;;;33468;14/05/2025;16:30:00;Yhago;0;100%;16/05/2025;3;
1922;09/05/2025;1007;ID;310000176831;33468;1;2;54;3;18,0;;;33468;14/05/2025;16:30:00;Yhago;0;100%;16/05/2025;3;
1922;09/05/2025;1007;ID;310000176865;33468;1;2;167;10;16,7;;;33468;14/05/2025;16:30:00;Yhago;0;100%;16/05/2025;3;
1922;09/05/2025;1007;ID;310000176978;33468;1;2;35;2;17,5;;;33468;14/05/2025;16:30:00;Yhago;0;100%;16/05/2025;3;
1922;12/05/2025;1007;ID;310000177296;33639;1;2;24;5;4,8;;;33639;14/05/2025;16:30:00;Yhago;0;100%;16/05/2025;3;
1922;12/05/2025;1007;ID;310000177355;33639;1;2;185;65;2,8;;;33639;14/05/2025;16:30:00;Yhago;0;100%;16/05/2025;3;
1922;08/05/2025;1009;RP;310000176130;33189;1;4;19;2;9,5;;;33189;14/05/2025;16:30:00;Yhago;0;100%;16/05/2025;3;
1922;08/05/2025;1009;RP;310000176105;33189;1;4;1;1;1,0;;;33189;14/05/2025;16:30:00;Yhago;0;100%;16/05/2025;3;
1922;08/05/2025;1013;CJ;310000176131;33261;1;3;18;2;9,0;;;33261;14/05/2025;16:30:00;Yhago;0;100%;16/05/2025;3;
1922;08/05/2025;1013;CJ;310000176027;33261;1;3;1;1;1,0;;;33261;14/05/2025;16:30:00;Yhago;0;100%;16/05/2025;3;
1922;09/05/2025;1009;RP;310000176261;33426;1;4;12;5;2,4;;;33426;14/05/2025;16:30:00;Yhago;0;100%;16/05/2025;3;
1922;09/05/2025;1009;RP;310000176261;33413;1;4;807;233;3,5;;;33413;14/05/2025;16:30:00;Yhago;0;100%;16/05/2025;3;
1922;09/05/2025;1009;RP;310000176866;33413;1;4;143;8;17,9;;;33413;14/05/2025;16:30:00;Yhago;0;100%;16/05/2025;3;
1922;09/05/2025;1009;RP;310000176889;33413;1;4;28;2;14,0;;;33413;14/05/2025;16:30:00;Yhago;0;100%;16/05/2025;3;
1922;09/05/2025;1009;RP;310000176911;33426;1;4;80;4;20,0;;;33426;14/05/2025;16:30:00;Yhago;0;100%;16/05/2025;3;
1922;09/05/2025;1009;RP;310000176911;33413;1;4;5;1;5,0;;;33413;14/05/2025;16:30:00;Yhago;0;100%;16/05/2025;3;
1922;09/05/2025;1013;CJ;310000176322;33438;1;3;5;4;1,3;;;33438;14/05/2025;16:30:00;Yhago;0;100%;16/05/2025;3;
1922;09/05/2025;1013;CJ;310000176322;33288;1;3;701;199;3,5;;;33288;14/05/2025;16:30:00;Yhago;0;100%;16/05/2025;3;
1922;09/05/2025;1013;CJ;310000176664;33438;1;3;60;4;15,0;;;33438;14/05/2025;16:30:00;Yhago;0;100%;16/05/2025;3;
1922;09/05/2025;1013;CJ;310000176664;33288;1;3;37;2;18,5;;;33288;14/05/2025;16:30:00;Yhago;0;100%;16/05/2025;3;
1922;09/05/2025;1013;CJ;310000176697;33288;1;3;188;13;14,5;;;33288;14/05/2025;16:30:00;Yhago;0;100%;16/05/2025;3;
1922;09/05/2025;1013;CJ;310000176897;33438;1;3;50;1;50,0;;;33438;14/05/2025;16:30:00;Yhago;0;100%;16/05/2025;3;
1922;09/05/2025;1013;CJ;310000176897;33288;1;3;5;1;5,0;;;33288;14/05/2025;16:30:00;Yhago;0;100%;16/05/2025;3;
1922;09/05/2025;1013;CJ;310000176980;33288;1;3;35;2;17,5;;;33288;14/05/2025;16:30:00;Yhago;0;100%;16/05/2025;3;
1922;08/05/2025;1003;JN;310000176048;33159;1;2;19;2;9,5;;;33159;15/05/2025;05:30:00;Yhago;0;100%;17/05/2025;3;
1922;08/05/2025;1011;CP;310000176051;33180;1;3;19;2;9,5;;;33180;15/05/2025;05:30:00;Yhago;0;100%;17/05/2025;3;
1922;09/05/2025;1003;JN;310000176318;33374;1;2;835;222;3,8;;;33374;15/05/2025;05:30:00;Yhago;0;100%;17/05/2025;3;
1922;09/05/2025;1003;JN;310000176977;33159;1;2;50;3;16,7;;;33159;15/05/2025;05:30:00;Yhago;0;100%;17/05/2025;3;
1922;09/05/2025;1003;JN;310000177036;33159;1;2;10;1;10,0;;;33159;15/05/2025;05:30:00;Yhago;0;100%;17/05/2025;3;
1922;09/05/2025;1011;CP;310000176426;33286;1;3;475;209;2,3;;;33286;15/05/2025;05:30:00;Yhago;0;100%;17/05/2025;3;
1922;09/05/2025;1011;CP;310000177025;33286;1;3;50;3;16,7;;;33286;15/05/2025;05:30:00;Yhago;0;100%;17/05/2025;3;
1922;12/05/2025;1003;JN;310000177353;33839;1;2;182;63;2,9;;;33839;15/05/2025;05:30:00;Yhago;0;100%;17/05/2025;3;
1922;12/05/2025;1011;CP;310000177356;33851;1;3;553;187;3,0;;;33851;15/05/2025;05:30:00;Yhago;0;100%;17/05/2025;3;
1922;12/05/2025;1009;RP;310000177166;33807;1;6;392;143;2,7;;;33807;15/05/2025;16:02:00;Yhago;0;100%;17/05/2025;3;
1922;12/05/2025;1009;RP;310000177651;33807;1;6;43;11;3,9;;;33807;15/05/2025;16:02:00;Yhago;0;100%;17/05/2025;3;
1922;13/05/2025;1009;RP;310000177981;33887;1;6;1;1;0,0;;;33887;15/05/2025;16:02:00;Yhago;0;100%;17/05/2025;3;
1922;13/05/2025;1009;RP;310000178162;33887;1;6;551;224;2,5;;;33887;15/05/2025;16:02:00;Yhago;0;100%;17/05/2025;3;
1922;14/05/2025;1009;RP;310000178783;34108;1;6;114;57;2,0;;;34108;15/05/2025;16:02:00;Yhago;0;100%;17/05/2025;3;
1922;13/05/2025;1007;ID;310000178200;33895;1;3;627;213;2,9;;;33895;15/05/2025;19:00:00;Yhago;0;100%;17/05/2025;3;
1922;14/05/2025;1007;ID;310000178929;34106;1;3;473;143;3,3;;;34106;15/05/2025;19:00:00;Yhago;0;100%;17/05/2025;3;
1922;09/05/2025;1020;CF;310000176263;32889;1;2;690;206;3,3;;;32889;16/05/2025;05:30:00;Yhago;0;100%;18/05/2025;2;
1922;09/05/2025;1020;CF;310000176263;33441;1;2;7;6;1,2;;;33441;16/05/2025;05:30:00;Yhago;0;100%;18/05/2025;2;
1922;09/05/2025;1020;CF;310000176760;32916;1;2;108;10;10,8;;;32916;16/05/2025;05:30:00;Yhago;0;100%;18/05/2025;2;
1922;09/05/2025;1020;CF;310000176835;32916;1;2;2;1;2,0;;;32916;16/05/2025;05:30:00;Yhago;0;100%;18/05/2025;2;
1922;09/05/2025;1020;CF;310000176835;33441;1;2;60;4;15,0;;;33441;16/05/2025;05:30:00;Yhago;0;100%;18/05/2025;2;
1922;09/05/2025;1020;CF;310000176982;32916;1;2;23;2;11,5;;;32916;16/05/2025;05:30:00;Yhago;0;100%;18/05/2025;2;
1922;09/05/2025;1020;CF;310000177100;32916;1;2;13;2;6,5;;;32916;16/05/2025;05:30:00;Yhago;0;100%;18/05/2025;2;
1922;09/05/2025;1020;CF;310000177100;33441;1;2;50;1;50,0;;;33441;16/05/2025;05:30:00;Yhago;0;100%;18/05/2025;2;
1922;12/05/2025;1020;CF;310000177359;33810;1;2;147;59;2,5;;;33810;16/05/2025;05:30:00;Yhago;0;100%;18/05/2025;2;
1922;09/05/2025;1014;BM;310000176321;33424;1;4;10;7;1,4;;;33424;16/05/2025;05:30:00;Yhago;0;100%;18/05/2025;2;
1922;09/05/2025;1014;BM;310000176321;33375;1;4;389;104;3,7;;;33375;16/05/2025;05:30:00;Yhago;0;100%;18/05/2025;2;
1922;09/05/2025;1014;BM;310000176832;33424;1;4;80;4;20,0;;;33424;16/05/2025;05:30:00;Yhago;0;100%;18/05/2025;2;
1922;09/05/2025;1014;BM;310000176832;33375;1;4;2;1;2,0;;;33375;16/05/2025;05:30:00;Yhago;0;100%;18/05/2025;2;
1922;09/05/2025;1014;BM;310000176868;33375;1;4;140;7;20,0;;;33375;16/05/2025;05:30:00;Yhago;0;100%;18/05/2025;2;
1922;09/05/2025;1014;BM;310000176898;33424;1;4;60;1;60,0;;;33424;16/05/2025;05:30:00;Yhago;0;100%;18/05/2025;2;
1922;09/05/2025;1014;BM;310000176898;33375;1;4;4;1;4,0;;;33375;16/05/2025;05:30:00;Yhago;0;100%;18/05/2025;2;
1922;09/05/2025;1014;BM;310000176981;33375;1;4;35;2;17,5;;;33375;16/05/2025;05:30:00;Yhago;0;100%;18/05/2025;2;
1922;12/05/2025;1014;BM;310000177358;33845;1;4;379;117;3,2;;;33845;16/05/2025;05:30:00;Yhago;0;100%;18/05/2025;2;
1922;09/05/2025;1037;GP;310000176265;33291;1;1;2;1;2,0;;;33291;20/05/2025;12:00:00;Yhago;0;100%;22/05/2025;3;
1922;09/05/2025;1037;GP;310000176265;33483;1;1;18;8;2,3;;;33483;20/05/2025;12:00:00;Yhago;0;100%;22/05/2025;3;
1922;09/05/2025;1037;GP;310000176265;35400;1;1;21;21;1,0;;;35400;20/05/2025;12:00:00;Yhago;0;100%;22/05/2025;3;
1922;09/05/2025;1037;GP;310000176727;33291;1;1;60;4;15,0;;;33291;20/05/2025;12:00:00;Yhago;0;100%;22/05/2025;3;
1922;09/05/2025;1037;GP;310000176727;33483;1;1;2;1;2,0;;;33483;20/05/2025;12:00:00;Yhago;0;100%;22/05/2025;3;
1922;09/05/2025;1037;GP;310000176893;33483;1;1;35;2;17,5;;;33483;20/05/2025;12:00:00;Yhago;0;100%;22/05/2025;3;
1922;09/05/2025;1037;GP;310000176952;33483;1;1;25;5;5,0;;;33483;20/05/2025;12:00:00;Yhago;0;100%;22/05/2025;3;
1922;09/05/2025;1037;GP;310000177103;33483;1;1;13;2;6,5;;;33483;20/05/2025;12:00:00;Yhago;0;100%;22/05/2025;3;
1922;12/05/2025;1037;GP;310000177413;34163;1;1;12;2;6,0;;;34163;20/05/2025;12:00:00;Yhago;0;100%;22/05/2025;3;
1922;12/05/2025;1037;GP;310000177413;35400;1;1;2;1;2,0;;;35400;20/05/2025;12:00:00;Yhago;0;100%;22/05/2025;3;
1922;13/05/2025;1037;GP;310000177982;34173;1;1;30;2;15,0;;;34173;20/05/2025;12:00:00;Yhago;0;100%;22/05/2025;3;
1922;13/05/2025;1037;GP;310000178666;34589;1;1;15;1;15,0;;;34589;20/05/2025;12:00:00;Yhago;0;100%;22/05/2025;3;
1922;13/05/2025;1037;GP;310000178666;34736;1;1;5;1;5,0;;;34736;20/05/2025;12:00:00;Yhago;0;100%;22/05/2025;3;
1922;13/05/2025;1037;GP;310000178904;34589;1;1;4;2;2,0;;;34589;20/05/2025;12:00:00;Yhago;0;100%;22/05/2025;3;
1922;14/05/2025;1037;GP;310000178789;35400;1;1;1;1;1,0;;;35400;20/05/2025;12:00:00;Yhago;0;100%;22/05/2025;3;
1922;14/05/2025;1037;GP;310000179267;34291;1;1;30;4;7,5;;;34291;20/05/2025;12:00:00;Yhago;0;100%;22/05/2025;3;
1922;14/05/2025;1037;GP;310000179616;34291;1;1;11;1;11,0;;;34291;20/05/2025;12:00:00;Yhago;0;100%;22/05/2025;3;
1922;14/05/2025;1037;GP;310000179663;34291;1;1;68;10;6,8;;;34291;20/05/2025;12:00:00;Yhago;0;100%;22/05/2025;3;
1922;14/05/2025;1037;GP;310000179663;35400;1;1;1;1;1,0;;;35400;20/05/2025;12:00:00;Yhago;0;100%;22/05/2025;3;
1922;15/05/2025;1037;GP;310000180023;34291;1;1;77;22;3,5;;;34291;20/05/2025;12:00:00;Yhago;0;100%;22/05/2025;3;
1922;15/05/2025;1037;GP;310000180023;35309;1;1;64;64;1,0;;;35309;20/05/2025;12:00:00;Yhago;0;100%;22/05/2025;3;
1922;16/05/2025;1037;GP;310000181053;35023;1;1;10;4;2,5;;;35023;20/05/2025;12:00:00;Yhago;0;100%;22/05/2025;3;
1922;16/05/2025;1037;GP;310000181053;35309;1;1;3;3;1,0;;;35309;20/05/2025;12:00:00;Yhago;0;100%;22/05/2025;3;
1922;16/05/2025;1037;GP;310000181267;35023;1;1;8;3;2,7;;;35023;20/05/2025;12:00:00;Yhago;0;100%;22/05/2025;3;
1922;16/05/2025;1037;GP;310000181267;35309;1;1;1;1;1,0;;;35309;20/05/2025;12:00:00;Yhago;0;100%;22/05/2025;3;
1922;09/05/2025;1020;CF;310000176263;32889;1;2;8;4;2,0;;;32889;20/05/2025;12:00:00;Yhago;0;100%;22/05/2025;3;
1922;09/05/2025;1020;CF;310000176263;35376;1;2;2;2;1,0;;;35376;20/05/2025;12:00:00;Yhago;0;100%;22/05/2025;3;
1922;12/05/2025;1020;CF;310000177359;33441;1;2;44;18;2,4;;;33441;20/05/2025;12:00:00;Yhago;0;100%;22/05/2025;3;
1922;12/05/2025;1020;CF;310000177359;35376;1;2;6;6;1,0;;;35376;20/05/2025;12:00:00;Yhago;0;100%;22/05/2025;3;
1922;12/05/2025;1020;CF;310000177750;33441;1;2;23;5;4,6;;;33441;20/05/2025;12:00:00;Yhago;0;100%;22/05/2025;3;
1922;13/05/2025;1020;CF;310000178809;34581;1;2;5;2;2,5;;;34581;20/05/2025;12:00:00;Yhago;0;100%;22/05/2025;3;
1922;13/05/2025;1020;CF;310000178913;34581;1;2;10;1;10,0;;;34581;20/05/2025;12:00:00;Yhago;0;100%;22/05/2025;3;
1922;14/05/2025;1020;CF;310000178893;34114;1;2;52;5;10,4;;;34114;20/05/2025;12:00:00;Yhago;0;100%;22/05/2025;3;
1922;14/05/2025;1020;CF;310000178931;34114;1;2;292;53;5,5;;;34114;20/05/2025;12:00:00;Yhago;0;100%;22/05/2025;3;
1922;14/05/2025;1020;CF;310000178931;34591;1;2;1;1;1,0;;;34591;20/05/2025;12:00:00;Yhago;0;100%;22/05/2025;3;
1922;14/05/2025;1020;CF;310000178931;35376;1;2;1;1;1,0;;;35376;20/05/2025;12:00:00;Yhago;0;100%;22/05/2025;3;
1922;14/05/2025;1020;CF;310000178931;35377;1;2;226;217;1,0;;;35377;20/05/2025;12:00:00;Yhago;0;100%;22/05/2025;3;
1922;14/05/2025;1020;CF;310000179346;34264;1;2;27;4;6,8;;;34264;20/05/2025;12:00:00;Yhago;0;100%;22/05/2025;3;
1922;14/05/2025;1020;CF;310000179472;34264;1;2;9;3;3,0;;;34264;20/05/2025;12:00:00;Yhago;0;100%;22/05/2025;3;
1922;14/05/2025;1020;CF;310000179613;34264;1;2;10;1;10,0;;;34264;20/05/2025;12:00:00;Yhago;0;100%;22/05/2025;3;
1922;15/05/2025;1020;CF;310000180412;34114;1;2;137;41;3,3;;;34114;20/05/2025;12:00:00;Yhago;0;100%;22/05/2025;3;
1922;15/05/2025;1020;CF;310000180412;35231;1;2;21;20;1,1;;;35231;20/05/2025;12:00:00;Yhago;0;100%;22/05/2025;3;
1922;16/05/2025;1020;CF;310000180912;34114;1;2;581;97;6,0;;;34114;20/05/2025;12:00:00;Yhago;0;100%;22/05/2025;3;
1922;16/05/2025;1020;CF;310000180912;34766;1;2;1;1;1,0;;;34766;20/05/2025;12:00:00;Yhago;0;100%;22/05/2025;3;
1922;16/05/2025;1020;CF;310000180912;35231;1;2;488;444;1,1;;;35231;20/05/2025;12:00:00;Yhago;0;100%;22/05/2025;3;
1922;16/05/2025;1020;CF;310000181033;35230;1;2;1;1;1,0;;;35230;20/05/2025;12:00:00;Yhago;0;100%;22/05/2025;3;
1922;16/05/2025;1020;CF;310000181224;35013;1;2;15;3;5,0;;;35013;20/05/2025;12:00:00;Yhago;0;100%;22/05/2025;3;
1922;16/05/2025;1020;CF;310000181224;35230;1;2;4;4;1,0;;;35230;20/05/2025;12:00:00;Yhago;0;100%;22/05/2025;3;
1922;16/05/2025;1020;CF;310000181264;35230;1;2;2;2;1,0;;;35230;20/05/2025;12:00:00;Yhago;0;100%;22/05/2025;3;
1922;09/05/2025;1007;ID;310000176195;33468;1;3;9;5;1,8;;;33468;20/05/2025;12:00:00;Yhago;0;100%;22/05/2025;3;
1922;12/05/2025;1007;ID;310000177355;33639;1;3;8;4;2,0;;;33639;20/05/2025;12:00:00;Yhago;0;100%;22/05/2025;3;
1922;12/05/2025;1007;ID;310000177355;34140;1;3;8;1;8,0;;;34140;20/05/2025;12:00:00;Yhago;0;100%;22/05/2025;3;
1922;13/05/2025;1007;ID;310000178200;33895;1;3;65;8;8,1;;;33895;20/05/2025;12:00:00;Yhago;0;100%;22/05/2025;3;
1922;13/05/2025;1007;ID;310000178200;34182;1;3;8;1;8,0;;;34182;20/05/2025;12:00:00;Yhago;0;100%;22/05/2025;3;
1922;13/05/2025;1007;ID;310000178200;35361;1;3;78;71;1,1;;;35361;20/05/2025;12:00:00;Yhago;0;100%;22/05/2025;3;
1922;13/05/2025;1007;ID;310000178716;34624;1;3;2;1;2,0;;;34624;20/05/2025;12:00:00;Yhago;0;100%;22/05/2025;3;
1922;13/05/2025;1007;ID;310000178716;35361;1;3;1;1;1,0;;;35361;20/05/2025;12:00:00;Yhago;0;100%;22/05/2025;3;
1922;13/05/2025;1007;ID;310000178752;34625;1;3;10;1;10,0;;;34625;20/05/2025;12:00:00;Yhago;0;100%;22/05/2025;3;
1922;14/05/2025;1007;ID;310000178929;34106;1;3;123;39;3,2;;;34106;20/05/2025;12:00:00;Yhago;0;100%;22/05/2025;3;
1922;14/05/2025;1007;ID;310000178929;34626;1;3;1;1;1,0;;;34626;20/05/2025;12:00:00;Yhago;0;100%;22/05/2025;3;
1922;14/05/2025;1007;ID;310000178929;35361;1;3;90;90;1,0;;;35361;20/05/2025;12:00:00;Yhago;0;100%;22/05/2025;3;
1922;14/05/2025;1007;ID;310000179094;34094;1;3;19;2;9,5;;;34094;20/05/2025;12:00:00;Yhago;0;100%;22/05/2025;3;
1922;14/05/2025;1007;ID;310000179094;34538;1;3;1;1;1,0;;;34538;20/05/2025;12:00:00;Yhago;0;100%;22/05/2025;3;
1922;14/05/2025;1007;ID;310000179657;34094;1;3;71;13;5,5;;;34094;20/05/2025;12:00:00;Yhago;0;100%;22/05/2025;3;
1922;14/05/2025;1007;ID;310000179657;35361;1;3;2;2;1,0;;;35361;20/05/2025;12:00:00;Yhago;0;100%;22/05/2025;3;
1922;15/05/2025;1007;ID;310000179792;34094;1;3;2;1;2,0;;;34094;20/05/2025;12:00:00;Yhago;0;100%;22/05/2025;3;
1922;15/05/2025;1007;ID;310000179792;34505;1;3;295;55;5,4;;;34505;20/05/2025;12:00:00;Yhago;0;100%;22/05/2025;3;
1922;15/05/2025;1007;ID;310000179792;34919;1;3;6;1;6,0;;;34919;20/05/2025;12:00:00;Yhago;0;100%;22/05/2025;3;
1922;15/05/2025;1007;ID;310000179792;35150;1;3;11;11;1,0;;;35150;20/05/2025;12:00:00;Yhago;0;100%;22/05/2025;3;
1922;15/05/2025;1007;ID;310000179792;35153;1;3;236;223;1,1;;;35153;20/05/2025;12:00:00;Yhago;0;100%;22/05/2025;3;
1922;15/05/2025;1007;ID;310000179792;35450;1;3;13;13;1,0;;;35450;20/05/2025;12:00:00;Yhago;0;100%;22/05/2025;3;
1922;15/05/2025;1007;ID;310000180347;34520;1;3;146;44;3,3;;;34520;20/05/2025;12:00:00;Yhago;0;100%;22/05/2025;3;
1922;15/05/2025;1007;ID;310000180347;35150;1;3;12;12;1,0;;;35150;20/05/2025;12:00:00;Yhago;0;100%;22/05/2025;3;
1922;16/05/2025;1007;ID;310000180642;34747;1;3;550;99;5,6;;;34747;20/05/2025;12:00:00;Yhago;0;100%;22/05/2025;3;
1922;16/05/2025;1007;ID;310000180642;34748;1;3;29;8;3,6;;;34748;20/05/2025;12:00:00;Yhago;0;100%;22/05/2025;3;
1922;16/05/2025;1007;ID;310000180642;35150;1;3;36;36;1,0;;;35150;20/05/2025;12:00:00;Yhago;0;100%;22/05/2025;3;
1922;16/05/2025;1007;ID;310000180642;35158;1;3;247;220;1,1;;;35158;20/05/2025;12:00:00;Yhago;0;100%;22/05/2025;3;
1922;16/05/2025;1007;ID;310000181223;34975;1;3;33;4;8,3;;;34975;20/05/2025;12:00:00;Yhago;0;100%;22/05/2025;3;
1922;16/05/2025;1007;ID;310000181223;35150;1;3;3;3;1,0;;;35150;20/05/2025;12:00:00;Yhago;0;100%;22/05/2025;3;
1922;16/05/2025;1007;ID;310000181419;34748;1;3;16;3;5,3;;;34748;20/05/2025;12:00:00;Yhago;0;100%;22/05/2025;3;
1922;16/05/2025;1007;ID;310000181419;35150;1;3;3;3;1,0;;;35150;20/05/2025;12:00:00;Yhago;0;100%;22/05/2025;3;
1922;16/05/2025;1007;ID;310000181419;35158;1;3;1;1;1,0;;;35158;20/05/2025;12:00:00;Yhago;0;100%;22/05/2025;3;
1922;12/05/2025;1923;CDD;310000177593;35332;1;4;17;17;1,0;;;35332;20/05/2025;12:00:00;Yhago;0;100%;22/05/2025;3;
1922;15/05/2025;1923;CDD;310000180385;35332;1;4;20;20;1,0;;;35332;20/05/2025;12:00:00;Yhago;0;100%;22/05/2025;3;
1922;15/05/2025;1923;CDD;310000180583;33901;1;4;70;1;70,0;;;33901;20/05/2025;12:00:00;Yhago;0;100%;22/05/2025;3;
1922;09/05/2025;1003;JN;310000176318;33374;1;5;33;11;3,0;;;33374;20/05/2025;12:00:00;Yhago;0;100%;22/05/2025;3;
1922;09/05/2025;1003;JN;310000176318;35359;1;5;1;1;1,0;;;35359;20/05/2025;12:00:00;Yhago;0;100%;22/05/2025;3;
1922;09/05/2025;1003;JN;310000176830;34111;1;5;45;4;11,3;;;34111;20/05/2025;12:00:00;Yhago;0;100%;22/05/2025;3;
1922;09/05/2025;1003;JN;310000176830;34610;1;5;15;1;15,0;;;34610;20/05/2025;12:00:00;Yhago;0;100%;22/05/2025;3;
1922;09/05/2025;1003;JN;310000176947;34111;1;5;5;1;5,0;;;34111;20/05/2025;12:00:00;Yhago;0;100%;22/05/2025;3;
1922;12/05/2025;1003;JN;310000177353;33839;1;5;88;24;3,7;;;33839;20/05/2025;12:00:00;Yhago;0;100%;22/05/2025;3;
1922;12/05/2025;1003;JN;310000177353;34145;1;5;11;3;3,7;;;34145;20/05/2025;12:00:00;Yhago;0;100%;22/05/2025;3;
1922;12/05/2025;1003;JN;310000177353;35359;1;5;21;21;1,0;;;35359;20/05/2025;12:00:00;Yhago;0;100%;22/05/2025;3;
1922;13/05/2025;1003;JN;310000177899;33903;1;5;110;20;5,5;;;33903;20/05/2025;12:00:00;Yhago;0;100%;22/05/2025;3;
1922;13/05/2025;1003;JN;310000177899;35360;1;5;196;142;1,4;;;35360;20/05/2025;12:00:00;Yhago;0;100%;22/05/2025;3;
1922;13/05/2025;1003;JN;310000178801;35359;1;5;2;1;2,0;;;35359;20/05/2025;12:00:00;Yhago;0;100%;22/05/2025;3;
1922;14/05/2025;1003;JN;310000178853;33903;1;5;208;49;4,2;;;33903;20/05/2025;12:00:00;Yhago;0;100%;22/05/2025;3;
1922;14/05/2025;1003;JN;310000178853;34214;1;5;4;2;2,0;;;34214;20/05/2025;12:00:00;Yhago;0;100%;22/05/2025;3;
1922;14/05/2025;1003;JN;310000178853;34612;1;5;1;1;1,0;;;34612;20/05/2025;12:00:00;Yhago;0;100%;22/05/2025;3;
1922;14/05/2025;1003;JN;310000178853;34924;1;5;2;1;2,0;;;34924;20/05/2025;12:00:00;Yhago;0;100%;22/05/2025;3;
1922;14/05/2025;1003;JN;310000178853;35359;1;5;2;2;1,0;;;35359;20/05/2025;12:00:00;Yhago;0;100%;22/05/2025;3;
1922;14/05/2025;1003;JN;310000178853;35360;1;5;169;165;1,0;;;35360;20/05/2025;12:00:00;Yhago;0;100%;22/05/2025;3;
1922;14/05/2025;1003;JN;310000178888;33903;1;5;48;5;9,6;;;33903;20/05/2025;12:00:00;Yhago;0;100%;22/05/2025;3;
1922;14/05/2025;1003;JN;310000179344;34111;1;5;11;2;5,5;;;34111;20/05/2025;12:00:00;Yhago;0;100%;22/05/2025;3;
1922;14/05/2025;1003;JN;310000179344;34533;1;5;14;1;14,0;;;34533;20/05/2025;12:00:00;Yhago;0;100%;22/05/2025;3;
1922;14/05/2025;1003;JN;310000179727;34111;1;5;32;3;10,7;;;34111;20/05/2025;12:00:00;Yhago;0;100%;22/05/2025;3;
1922;15/05/2025;1003;JN;310000179914;33903;1;5;232;45;5,2;;;33903;20/05/2025;12:00:00;Yhago;0;100%;22/05/2025;3;
1922;15/05/2025;1003;JN;310000179914;34534;1;5;2;1;2,0;;;34534;20/05/2025;12:00:00;Yhago;0;100%;22/05/2025;3;
1922;15/05/2025;1003;JN;310000179914;34613;1;5;1;1;1,0;;;34613;20/05/2025;12:00:00;Yhago;0;100%;22/05/2025;3;
1922;15/05/2025;1003;JN;310000179914;35128;1;5;197;163;1,2;;;35128;20/05/2025;12:00:00;Yhago;0;100%;22/05/2025;3;
1922;15/05/2025;1003;JN;310000180343;33903;1;5;111;32;3,5;;;33903;20/05/2025;12:00:00;Yhago;0;100%;22/05/2025;3;
1922;15/05/2025;1003;JN;310000180343;35128;1;5;14;14;1,0;;;35128;20/05/2025;12:00:00;Yhago;0;100%;22/05/2025;3;
1922;16/05/2025;1003;JN;310000180674;35128;1;5;40;1;40,0;;;35128;20/05/2025;12:00:00;Yhago;0;100%;22/05/2025;3;
1922;16/05/2025;1003;JN;310000180823;33903;1;5;457;108;4,2;;;33903;20/05/2025;12:00:00;Yhago;0;100%;22/05/2025;3;
1922;16/05/2025;1003;JN;310000180823;35128;1;5;211;211;1,0;;;35128;20/05/2025;12:00:00;Yhago;0;100%;22/05/2025;3;
1922;16/05/2025;1003;JN;310000181000;34969;1;5;4;1;4,0;;;34969;20/05/2025;12:00:00;Yhago;0;100%;22/05/2025;3;
1922;16/05/2025;1003;JN;310000181000;35126;1;5;2;2;1,0;;;35126;20/05/2025;12:00:00;Yhago;0;100%;22/05/2025;3;
1922;16/05/2025;1003;JN;310000181308;34969;1;5;22;4;5,5;;;34969;20/05/2025;12:00:00;Yhago;0;100%;22/05/2025;3;
1922;16/05/2025;1003;JN;310000181308;35126;1;5;5;3;1,7;;;35126;20/05/2025;12:00:00;Yhago;0;100%;22/05/2025;3;
1922;16/05/2025;1003;JN;310000181365;34969;1;5;53;7;7,6;;;34969;20/05/2025;12:00:00;Yhago;0;100%;22/05/2025;3;
1922;16/05/2025;1003;JN;310000181365;35126;1;5;3;3;1,0;;;35126;20/05/2025;12:00:00;Yhago;0;100%;22/05/2025;3;
1922;09/05/2025;1011;CP;310000176426;33286;1;6;22;7;3,1;;;33286;20/05/2025;12:00:00;Yhago;0;100%;22/05/2025;3;
1922;09/05/2025;1011;CP;310000176426;33916;1;6;15;2;7,5;;;33916;20/05/2025;12:00:00;Yhago;0;100%;22/05/2025;3;
1922;12/05/2025;1011;CP;310000177356;33851;1;6;16;5;3,2;;;33851;20/05/2025;12:00:00;Yhago;0;100%;22/05/2025;3;
1922;13/05/2025;1011;CP;310000177975;33896;1;6;135;31;4,4;;;33896;20/05/2025;12:00:00;Yhago;0;100%;22/05/2025;3;
1922;13/05/2025;1011;CP;310000177975;35365;1;6;121;121;1,0;;;35365;20/05/2025;12:00:00;Yhago;0;100%;22/05/2025;3;
1922;13/05/2025;1011;CP;310000178823;34638;1;6;9;1;9,0;;;34638;20/05/2025;12:00:00;Yhago;0;100%;22/05/2025;3;
1922;14/05/2025;1011;CP;310000178689;33896;1;6;209;50;4,2;;;33896;20/05/2025;12:00:00;Yhago;0;100%;22/05/2025;3;
1922;14/05/2025;1011;CP;310000178689;34220;1;6;20;4;5,0;;;34220;20/05/2025;12:00:00;Yhago;0;100%;22/05/2025;3;
1922;14/05/2025;1011;CP;310000178689;34639;1;6;1;1;1,0;;;34639;20/05/2025;12:00:00;Yhago;0;100%;22/05/2025;3;
1922;14/05/2025;1011;CP;310000178689;34876;1;6;2;1;2,0;;;34876;20/05/2025;12:00:00;Yhago;0;100%;22/05/2025;3;
1922;14/05/2025;1011;CP;310000178689;35365;1;6;118;118;1,0;;;35365;20/05/2025;12:00:00;Yhago;0;100%;22/05/2025;3;
1922;14/05/2025;1011;CP;310000178689;35471;1;6;39;39;1,0;;;35471;20/05/2025;12:00:00;Yhago;0;100%;22/05/2025;3;
1922;14/05/2025;1011;CP;310000178969;33896;1;6;18;2;9,0;;;33896;20/05/2025;12:00:00;Yhago;0;100%;22/05/2025;3;
1922;14/05/2025;1011;CP;310000179259;33916;1;6;16;3;5,3;;;33916;20/05/2025;12:00:00;Yhago;0;100%;22/05/2025;3;
1922;14/05/2025;1011;CP;310000179259;34542;1;6;11;1;11,0;;;34542;20/05/2025;12:00:00;Yhago;0;100%;22/05/2025;3;
1922;14/05/2025;1011;CP;310000179398;33916;1;6;24;1;24,0;;;33916;20/05/2025;12:00:00;Yhago;0;100%;22/05/2025;3;
1922;14/05/2025;1011;CP;310000179468;33916;1;6;72;9;8,0;;;33916;20/05/2025;12:00:00;Yhago;0;100%;22/05/2025;3;
1922;14/05/2025;1011;CP;310000179468;35365;1;6;2;2;1,0;;;35365;20/05/2025;12:00:00;Yhago;0;100%;22/05/2025;3;
1922;15/05/2025;1011;CP;310000179830;33896;1;6;222;44;5,0;;;33896;20/05/2025;12:00:00;Yhago;0;100%;22/05/2025;3;
1922;15/05/2025;1011;CP;310000179830;34641;1;6;6;1;6,0;;;34641;20/05/2025;12:00:00;Yhago;0;100%;22/05/2025;3;
1922;15/05/2025;1011;CP;310000179830;35179;1;6;187;187;1,0;;;35179;20/05/2025;12:00:00;Yhago;0;100%;22/05/2025;3;
1922;15/05/2025;1011;CP;310000180542;33896;1;6;148;44;3,4;;;33896;20/05/2025;12:00:00;Yhago;0;100%;22/05/2025;3;
1922;15/05/2025;1011;CP;310000180542;35179;1;6;8;8;1,0;;;35179;20/05/2025;12:00:00;Yhago;0;100%;22/05/2025;3;
1922;16/05/2025;1011;CP;310000180825;33896;1;6;555;121;4,6;;;33896;20/05/2025;12:00:00;Yhago;0;100%;22/05/2025;3;
1922;16/05/2025;1011;CP;310000180825;35179;1;6;277;275;1,0;;;35179;20/05/2025;12:00:00;Yhago;0;100%;22/05/2025;3;
1922;16/05/2025;1011;CP;310000181047;33896;1;6;13;2;6,5;;;33896;20/05/2025;12:00:00;Yhago;0;100%;22/05/2025;3;
1922;16/05/2025;1011;CP;310000181047;35179;1;6;1;1;1,0;;;35179;20/05/2025;12:00:00;Yhago;0;100%;22/05/2025;3;
1922;16/05/2025;1011;CP;310000181173;34980;1;6;7;2;3,5;;;34980;20/05/2025;12:00:00;Yhago;0;100%;22/05/2025;3;
1922;16/05/2025;1011;CP;310000181173;35179;1;6;1;1;1,0;;;35179;20/05/2025;12:00:00;Yhago;0;100%;22/05/2025;3;
1922;19/05/2025;1003;JN;310000182137;35574;1;1;353;10;35,3;;;35574;20/05/2025;12:00:00;Yhago;0;100%;22/05/2025;3;PALETIZADO
1922;19/05/2025;1003;JN;310000182137;35575;1;1;568;5;113,6;;;35575;20/05/2025;12:00:00;Yhago;0;100%;22/05/2025;3;PALETIZADO
1922;19/05/2025;1003;JN;310000182165;35575;1;1;922;9;102,4;;;35575;20/05/2025;12:00:00;Yhago;0;100%;22/05/2025;3;PALETIZADO
1922;19/05/2025;1007;ID;310000182209;35576;1;2;875;14;62,5;;;35576;20/05/2025;12:00:00;Yhago;0;100%;22/05/2025;3;PALETIZADO
1922;19/05/2025;1007;ID;310000182238;35435;1;2;907;5;181,4;;;35435;20/05/2025;12:00:00;Yhago;0;100%;22/05/2025;3;PALETIZADO
1922;19/05/2025;1007;ID;310000182238;35576;1;2;140;4;35,0;;;35576;20/05/2025;12:00:00;Yhago;0;100%;22/05/2025;3;PALETIZADO
1922;19/05/2025;1020;CF;310000182210;35573;1;3;1198;14;85,6;;;35573;20/05/2025;12:00:00;Yhago;0;100%;22/05/2025;3;PALETIZADO
1922;19/05/2025;1020;CF;310000182210;35577;1;3;33;1;33,0;;;35577;20/05/2025;12:00:00;Yhago;0;100%;22/05/2025;3;PALETIZADO
1922;19/05/2025;1020;CF;310000182240;35577;1;3;954;8;119,3;;;35577;20/05/2025;12:00:00;Yhago;0;100%;22/05/2025;3;PALETIZADO
1922;19/05/2025;1037;ID;310000181961;35578;1;4;896;16;56,0;;;35578;20/05/2025;12:00:00;Yhago;0;100%;22/05/2025;3;PALETIZADO
1922;19/05/2025;1037;ID;310000182172;35578;1;4;654;8;81,8;;;35578;20/05/2025;12:00:00;Yhago;0;100%;22/05/2025;3;PALETIZADO
1922;19/05/2025;1011;CP;310000182058;35426;1;5;428;3;142,7;;;35426;20/05/2025;12:00:00;Yhago;0;100%;22/05/2025;3;PALETIZADO
1922;19/05/2025;1011;CP;310000182058;35580;1;5;564;11;51,3;;;35580;20/05/2025;12:00:00;Yhago;0;100%;22/05/2025;3;PALETIZADO
1922;19/05/2025;1011;CP;310000182166;35426;1;5;962;6;160,3;;;35426;20/05/2025;12:00:00;Yhago;0;100%;22/05/2025;3;PALETIZADO
1922;19/05/2025;1011;CP;310000182166;35580;1;5;20;3;6,7;;;35580;20/05/2025;12:00:00;Yhago;0;100%;22/05/2025;3;PALETIZADO
1922;16/05/2025;1023;AG;310000180829;35251;1;18;24;22;1,1;20,0;0,9;35251;24/05/2025;09:30:00;Cauê;0;100%;;-39259;
1922;15/05/2025;1023;AG;310000179832;35252;1;18;18;18;1,0;15,0;0,8;35252;24/05/2025;09:30:00;Cauê;0;100%;;-39259;
1922;15/05/2025;1023;AG;310000180171;33869;1;18;5;1;5,0;0,0;0,0;33869;24/05/2025;09:30:00;Cauê;0;100%;;-39259;
1922;16/05/2025;1023;AG;310000181211;35252;1;18;1;1;1,0;1,0;1,0;35252;24/05/2025;09:30:00;Cauê;0;100%;;-39259;
1922;16/05/2025;1023;AG;310000180829;33869;1;18;21;9;2,3;8,0;0,9;33869;24/05/2025;09:30:00;Cauê;0;100%;;-39259;
1922;20/05/2025;1023;AG;310000182334;35432;1;18;1;1;1,0;1,0;1,0;35432;24/05/2025;09:30:00;Cauê;0;100%;;-39259;
1922;13/05/2025;1023;AG;310000177979;33869;1;18;8;4;2,0;3,0;0,8;33869;24/05/2025;09:30:00;Cauê;0;100%;;-39259;
1922;13/05/2025;1023;AG;310000177979;35380;1;18;6;6;1,0;6,0;1,0;35380;24/05/2025;09:30:00;Cauê;0;100%;;-39259;
1922;16/05/2025;1023;AG;310000181126;35014;1;18;7;2;3,5;0,0;0,0;35014;24/05/2025;09:30:00;Cauê;0;100%;;-39259;
1922;13/05/2025;1023;AG;310000178645;34203;1;18;12;1;12,0;0,0;0,0;34203;24/05/2025;09:30:00;Cauê;0;100%;;-39259;
1922;12/05/2025;1023;AG;310000177656;33869;1;18;33;8;4,1;3,0;0,4;33869;24/05/2025;09:30:00;Cauê;0;100%;;-39259;
1922;15/05/2025;1023;AG;310000180565;33869;1;18;17;6;2,8;6,0;1,0;33869;24/05/2025;09:30:00;Cauê;0;100%;;-39259;
1922;14/05/2025;1023;AG;310000179537;34271;1;18;15;1;15,0;1,0;1,0;34271;24/05/2025;09:30:00;Cauê;0;100%;;-39259;
1922;14/05/2025;1023;AG;310000179735;34271;1;18;30;2;15,0;1,0;0,5;34271;24/05/2025;09:30:00;Cauê;0;100%;;-39259;
1922;14/05/2025;1023;AG;310000179262;34271;1;18;10;1;10,0;1,0;1,0;34271;24/05/2025;09:30:00;Cauê;0;100%;;-39259;
1922;15/05/2025;1023;AG;310000179832;34271;1;18;4;1;4,0;1,0;1,0;34271;24/05/2025;09:30:00;Cauê;0;100%;;-39259;
1922;20/05/2025;1023;AG;310000182334;35482;1;18;1;1;1,0;1,0;1,0;35482;24/05/2025;09:30:00;Cauê;23;2200%;;-39259;
1922;16/05/2025;1023;AG;310000181126;35252;1;18;1;1;1,0;0,0;0,0;35252;24/05/2025;09:30:00;Cauê;0;100%;;-39259;
1922;21/05/2025;1023;AG;310000183619;35719;1;18;1;1;1,0;1,0;1,0;35719;24/05/2025;09:30:00;Cauê;0;100%;;-39259;
1922;16/05/2025;1014;BM;310000181261;35197;1;4;1;1;1,0;0,0;0,0;35197;24/05/2025;09:30:00;Cauê;0;100%;;-39259;
1922;16/05/2025;1014;BM;310000180827;33889;1;4;49;9;5,4;4,0;0,4;33889;24/05/2025;09:30:00;Cauê;0;100%;;-39259;
1922;15/05/2025;1014;BM;310000179831;33889;1;4;18;3;6,0;3,0;1,0;33889;24/05/2025;09:30:00;Cauê;0;100%;;-39259;
1922;15/05/2025;1014;BM;310000180411;33889;1;4;3;1;3,0;1,0;1,0;33889;24/05/2025;09:30:00;Cauê;0;100%;;-39259;
1922;13/05/2025;1014;BM;310000178067;33889;1;4;10;3;3,3;2,0;0,7;33889;24/05/2025;09:30:00;Cauê;0;100%;;-39259;
1922;16/05/2025;1014;BM;310000181311;35010;1;4;23;2;11,5;0,0;0,0;35010;24/05/2025;09:30:00;Cauê;0;100%;;-39259;
1922;16/05/2025;1014;BM;310000180827;35197;1;4;18;18;1,0;12,0;0,7;35197;24/05/2025;09:30:00;Cauê;0;100%;;-39259;
1922;13/05/2025;1014;BM;310000178067;35367;1;4;3;3;1,0;3,0;1,0;35367;24/05/2025;09:30:00;Cauê;0;100%;;-39259;
1922;14/05/2025;1014;BM;310000178854;35367;1;4;5;5;1,0;5,0;1,0;35367;24/05/2025;09:30:00;Cauê;0;100%;;-39259;
1922;21/05/2025;1014;BM;310000182995;35589;1;4;205;72;2,8;55,0;0,8;35589;24/05/2025;09:30:00;Cauê;0;100%;;-39259;
1922;15/05/2025;1014;BM;310000179831;35197;1;4;19;19;1,0;16,0;0,8;35197;24/05/2025;09:30:00;Cauê;0;100%;;-39259;
1922;14/05/2025;1014;BM;310000178854;33889;2;4;27;4;6,8;2,0;0,5;33889;24/05/2025;09:30:00;Cauê;0;100%;;-39259;
1922;21/05/2025;1020;CF;310000183558;35912;1;15;20;1;20,0;0,0;0,0;35912;24/05/2025;09:30:00;Cauê;31;55%;;-39259;
1922;16/05/2025;1020;CF;310000181224;35230;1;15;2;2;1,0;0,0;0,0;35230;24/05/2025;09:30:00;Cauê;0;100%;;-39259;
1922;21/05/2025;1020;CF;310000183087;35913;1;15;1;1;1,0;1,0;1,0;35913;24/05/2025;09:30:00;Cauê;0;100%;;-39259;
1922;16/05/2025;1020;CF;310000181264;35230;1;15;1;1;1,0;0,0;0,0;35230;24/05/2025;09:30:00;Cauê;0;100%;;-39259;
1922;21/05/2025;1020;CF;310000183087;35912;1;15;334;166;2,0;145,0;0,9;35912;24/05/2025;09:30:00;Cauê;0;100%;;-39259;
1922;16/05/2025;1020;CF;310000180912;35231;1;15;56;45;1,2;41,0;0,9;35231;24/05/2025;09:30:00;Cauê;0;100%;;-39259;
1922;21/05/2025;1013;CJ;310000182898;35599;1;6;217;82;2,6;67,0;0,8;35599;24/05/2025;09:30:00;Cauê;0;100%;;-39259;
1922;16/05/2025;1013;CJ;310000180909;33852;2;6;10;4;2,5;4,0;1,0;33852;24/05/2025;09:30:00;Cauê;0;100%;;-39259;
1922;21/05/2025;1011;CP;310000183627;35588;1;16;70;1;70,0;0,0;0,0;35588;24/05/2025;09:30:00;Cauê;43;39%;;-39259;
1922;21/05/2025;1011;CP;310000182994;36068;1;16;56;1;56,0;0,0;0,0;36068;24/05/2025;09:30:00;Cauê;2;96%;;-39259;
1922;21/05/2025;1011;CP;310000182994;35588;1;16;254;95;2,7;80,0;0,8;35588;24/05/2025;09:30:00;Cauê;0;100%;;-39259;
1922;15/05/2025;1034;CS;310000179796;35284;1;32;13;6;2,2;5,0;0,8;35284;24/05/2025;09:30:00;Cauê;0;100%;;-39259;
1922;16/05/2025;1034;CS;310000181129;35284;1;32;2;2;1,0;0,0;0,0;35284;24/05/2025;09:30:00;Cauê;0;100%;;-39259;
1922;20/05/2025;1034;CS;310000182336;35418;1;32;4;4;1,0;4,0;1,0;35418;24/05/2025;09:30:00;Cauê;127;3075%;;-39259;
1922;15/05/2025;1034;CS;310000179796;35291;1;32;5;5;1,0;5,0;1,0;35291;24/05/2025;09:30:00;Cauê;0;100%;;-39259;
1922;16/05/2025;1034;CS;310000180726;35293;1;32;32;30;1,1;25,0;0,8;35293;24/05/2025;09:30:00;Cauê;0;100%;;-39259;
1922;14/05/2025;1034;CS;310000179485;35395;1;32;5;5;1,0;3,0;0,6;35395;24/05/2025;09:30:00;Cauê;0;100%;;-39259;
1922;13/05/2025;1034;CS;310000177983;35396;1;32;4;4;1,0;4,0;1,0;35396;24/05/2025;09:30:00;Cauê;0;100%;;-39259;
1922;15/05/2025;1034;CS;310000180176;35293;1;32;1;1;1,0;1,0;1,0;35293;24/05/2025;09:30:00;Cauê;0;100%;;-39259;
1922;16/05/2025;1034;CS;310000181129;34977;1;32;12;2;6,0;0,0;0,0;34977;24/05/2025;09:30:00;Cauê;0;100%;;-39259;
1922;12/05/2025;1034;CS;310000177487;35396;1;32;2;1;2,0;1,0;1,0;35396;24/05/2025;09:30:00;Cauê;0;100%;;-39259;
1922;16/05/2025;1034;CS;310000180726;34698;1;32;77;11;7,0;7,0;0,6;34698;24/05/2025;09:30:00;Cauê;0;100%;;-39259;
1922;15/05/2025;1034;CS;310000179796;34277;1;32;6;2;3,0;1,0;0,5;34277;24/05/2025;09:30:00;Cauê;0;100%;;-39259;
1922;15/05/2025;1040;DC;310000179797;35325;1;25;28;27;1,0;22,0;0,8;35325;24/05/2025;09:30:00;Cauê;0;100%;;-39259;
1922;15/05/2025;1040;DC;310000179797;33570;1;25;6;3;2,0;3,0;1,0;33570;24/05/2025;09:30:00;Cauê;0;100%;;-39259;
1922;13/05/2025;1040;DC;310000178811;34188;1;25;12;1;12,0;0,0;0,0;34188;24/05/2025;09:30:00;Cauê;0;100%;;-39259;
1922;14/05/2025;1040;DC;310000179741;34251;1;25;12;1;12,0;0,0;0,0;34251;24/05/2025;09:30:00;Cauê;0;100%;;-39259;
1922;16/05/2025;1040;DC;310000181178;35034;1;25;8;2;4,0;0,0;0,0;35034;24/05/2025;09:30:00;Cauê;0;100%;;-39259;
1922;13/05/2025;1040;DC;310000178811;34643;1;25;10;1;10,0;1,0;1,0;34643;24/05/2025;09:30:00;Cauê;0;100%;;-39259;
1922;09/05/2025;1040;DC;310000176326;33145;1;25;6;2;3,0;2,0;1,0;33145;24/05/2025;09:30:00;Cauê;0;100%;;-39259;
1922;16/05/2025;1040;DC;310000181178;35324;1;25;1;1;1,0;1,0;1,0;35324;24/05/2025;09:30:00;Cauê;0;100%;;-39259;
1922;09/05/2025;1040;DC;310000177005;33145;1;25;13;2;6,5;0,0;0,0;33145;24/05/2025;09:30:00;Cauê;0;100%;;-39259;
1922;15/05/2025;1040;DC;310000180568;33570;1;25;13;3;4,3;3,0;1,0;33570;24/05/2025;09:30:00;Cauê;0;100%;;-39259;
1922;16/05/2025;1040;DC;310000181130;35324;1;25;1;1;1,0;0,0;0,0;35324;24/05/2025;09:30:00;Cauê;0;100%;;-39259;
1922;13/05/2025;1040;DC;310000178070;33570;1;25;5;2;2,5;2,0;1,0;33570;24/05/2025;09:30:00;Cauê;0;100%;;-39259;
1922;15/05/2025;1040;DC;310000180097;33570;1;25;7;2;3,5;0,0;0,0;33570;24/05/2025;09:30:00;Cauê;0;100%;;-39259;
1922;12/05/2025;1040;DC;310000177561;33570;1;25;32;7;4,6;3,0;0,4;33570;24/05/2025;09:30:00;Cauê;0;100%;;-39259;
1922;20/05/2025;1040;DC;310000182337;35491;1;25;3;2;1,5;2,0;1,0;35491;24/05/2025;09:30:00;Cauê;159;5200%;;-39259;
1922;13/05/2025;1040;DC;310000178070;35406;1;25;8;7;1,1;7,0;1,0;35406;24/05/2025;09:30:00;Cauê;0;100%;;-39259;
1922;16/05/2025;1040;DC;310000180728;35325;1;25;35;32;1,1;26,0;0,8;35325;24/05/2025;09:30:00;Cauê;0;100%;;-39259;
1922;16/05/2025;1040;DC;310000180728;33570;1;25;17;6;2,8;4,0;0,7;33570;24/05/2025;09:30:00;Cauê;0;100%;;-39259;
1922;12/05/2025;1021;DD;310000177557;33864;1;12;29;5;5,8;0,0;0,0;33864;24/05/2025;09:30:00;Cauê;0;100%;;-39259;
1922;09/05/2025;1021;DD;310000176871;33349;1;12;40;2;20,0;0,0;0,0;33349;24/05/2025;09:30:00;Cauê;0;100%;;-39259;
1922;14/05/2025;1021;DD;310000179734;34265;1;12;12;1;12,0;1,0;1,0;34265;24/05/2025;09:30:00;Cauê;0;100%;;-39259;
1922;14/05/2025;1021;DD;310000178690;35382;1;12;1;1;1,0;1,0;1,0;35382;24/05/2025;09:30:00;Cauê;0;100%;;-39259;
1922;21/05/2025;1021;DD;310000182997;35914;1;12;498;261;1,9;224,0;0,9;35914;24/05/2025;09:30:00;Cauê;0;100%;;-39259;
1922;12/05/2025;1021;DD;310000177410;33863;1;12;97;7;13,9;6,0;0,9;33863;24/05/2025;09:30:00;Cauê;0;100%;;-39259;
1922;09/05/2025;1021;DD;310000176428;33349;1;12;6;2;3,0;2,0;1,0;33349;24/05/2025;09:30:00;Cauê;0;100%;;-39259;
1922;12/05/2025;1021;DD;310000177410;33864;1;12;30;2;15,0;1,0;0,5;33864;24/05/2025;09:30:00;Cauê;0;100%;;-39259;
1922;09/05/2025;1021;DD;310000176725;33703;1;12;40;2;20,0;2,0;1,0;33703;24/05/2025;09:30:00;Cauê;0;100%;;-39259;
1922;21/05/2025;1021;DD;310000182997;36114;1;12;35;1;35,0;0,0;0,0;36114;24/05/2025;09:30:00;Cauê;0;100%;;-39259;
1922;09/05/2025;1021;DD;310000176428;35235;1;12;2;1;2,0;0,0;0,0;35235;24/05/2025;09:30:00;Cauê;0;100%;;-39259;
1922;09/05/2025;1033;DP;310000176264;33377;1;8;40;3;13,3;2,0;0,7;33377;24/05/2025;09:30:00;Cauê;0;100%;;-39259;
1922;16/05/2025;1033;DP;310000181370;35020;1;8;12;2;6,0;0,0;0,0;35020;24/05/2025;09:30:00;Cauê;0;100%;;-39259;
1922;09/05/2025;1033;DP;310000176264;35396;1;8;5;4;1,3;3,0;0,8;35396;24/05/2025;09:30:00;Cauê;0;100%;;-39259;
1922;12/05/2025;1033;DP;310000177560;33764;1;8;32;6;5,3;6,0;1,0;33764;24/05/2025;09:30:00;Cauê;0;100%;;-39259;
1922;14/05/2025;1033;DP;310000179265;34120;1;8;15;2;7,5;2,0;1,0;34120;24/05/2025;09:30:00;Cauê;0;100%;;-39259;
1922;15/05/2025;1033;DP;310000180223;33764;1;8;15;2;7,5;0,0;0,0;33764;24/05/2025;09:30:00;Cauê;0;100%;;-39259;
1922;15/05/2025;1033;DP;310000180022;35285;1;8;16;16;1,0;16,0;1,0;35285;24/05/2025;09:30:00;Cauê;0;100%;;-39259;
1922;12/05/2025;1033;DP;310000177560;35397;1;8;15;10;1,5;1,0;0,1;35397;24/05/2025;09:30:00;Cauê;0;100%;;-39259;
1922;09/05/2025;1033;DP;310000177043;33377;1;8;10;1;10,0;1,0;1,0;33377;24/05/2025;09:30:00;Cauê;0;100%;;-39259;
1922;14/05/2025;1033;DP;310000179660;34120;1;8;18;1;18,0;0,0;0,0;34120;24/05/2025;09:30:00;Cauê;0;100%;;-39259;
1922;16/05/2025;1033;DP;310000180725;35285;1;8;27;26;1,0;21,0;0,8;35285;24/05/2025;09:30:00;Cauê;0;100%;;-39259;
1922;16/05/2025;1033;DP;310000180725;33764;1;8;47;8;5,9;5,0;0,6;33764;24/05/2025;09:30:00;Cauê;0;100%;;-39259;
1922;20/05/2025;1033;DP;310000182335;35476;1;8;2;2;1,0;2,0;1,0;35476;24/05/2025;09:30:00;Cauê;254;12600%;;-39259;
1922;09/05/2025;1033;DP;310000177002;33377;1;8;48;7;6,9;0,0;0,0;33377;24/05/2025;09:30:00;Cauê;0;100%;;-39259;
1922;15/05/2025;1033;DP;310000180022;33764;1;8;16;2;8,0;1,0;0,5;33764;24/05/2025;09:30:00;Cauê;0;100%;;-39259;
1922;16/05/2025;1033;DP;310000181128;35020;1;8;5;2;2,5;0,0;0,0;35020;24/05/2025;09:30:00;Cauê;0;100%;;-39259;
1922;13/05/2025;1033;DP;310000178164;35396;1;8;3;3;1,0;3,0;1,0;35396;24/05/2025;09:30:00;Cauê;0;100%;;-39259;
1922;13/05/2025;1033;DP;310000178164;33913;1;8;2;1;2,0;1,0;1,0;33913;24/05/2025;09:30:00;Cauê;0;100%;;-39259;
1922;16/05/2025;1033;DP;310000181128;35284;1;8;1;1;1,0;0,0;0,0;35284;24/05/2025;09:30:00;Cauê;0;100%;;-39259;
1922;09/05/2025;1033;DP;310000176264;35397;1;8;1;1;1,0;1,0;1,0;35397;24/05/2025;09:30:00;Cauê;0;100%;;-39259;
1922;21/05/2025;1033;DP;310000183752;36201;2;8;40;1;40,0;0,0;0,0;36201;24/05/2025;09:30:00;Cauê;447;1018%;;-39259;
